ticker;bench
A;IWM
AA;IWM
AAAU;IWM
AAL;IWM
AAOI;IWM
AAP;IWM
AAPB;IWM
AAPD;IWM
AAPL;QQQ
AAPU;IWM
AAPW;IWM
AAPX;IWM
ABAT;IWM
ABBV;SPY
ABCL;IWM
ABEV;IWM
ABNB;QQQ
ABP;IWM
ABR;IWM
ABSI;IWM
ABT;IWM
ABTC;IWM
ABVE;IWM
ABVX;IWM
ACGL;XLF
ACHR;IWM
ACLS;IWM
ACLX;IWM
ACMR;IWM
ACN;SPY
ADAP;IWM
ADBE;QQQ
ADBG;IWM
ADI;SMH
ADM;IWM
ADMA;IWM
ADP;SPY
ADSK;IWM
ADTN;IWM
AEC;IWM
AEG;IWM
AEHR;IWM
AEM;GDX
AEO;IWM
AEP;IWM
AES;IWM
AEVA;IWM
AFRM;IWM
AG;IWM
AGG;IWM
AGI;GDX
AGNC;IWM
AGQ;IWM
AGX;IWM
AI;IWM
AIG;XLF
AIPI;IWM
AIQ;IWM
AIRE;IWM
AIRO;IWM
AISP;IWM
AIYY;IWM
AJG;IWM
AKAM;IWM
ALAB;IWM
ALB;IWM
ALC;IWM
ALGM;IWM
ALGN;IWM
ALK;IWM
ALL;XLF
ALLT;IWM
ALLW;IWM
ALM;IWM
ALNY;IWM
ALT;IWM
ALTS;IWM
ALV;IWM
AMAT;SMH
AMBA;IWM
AMBQ;IWM
AMC;IWM
AMCR;IWM
AMD;SMH
AMDD;IWM
AMDG;IWM
AMDL;IWM
AMDW;IWM
AMDY;IWM
AMGN;SPY
AMKR;IWM
AMLP;IWM
AMP;XLF
AMPX;IWM
AMR;IWM
AMRZ;IWM
AMSC;IWM
AMT;SPY
AMTM;IWM
AMUU;IWM
AMZD;IWM
AMZN;QQQ
AMZU;IWM
AMZY;IWM
AMZZ;IWM
ANEL;IWM
ANET;IWM
ANF;IWM
ANGX;IWM
AON;IWM
APA;XLE
APD;IWM
APH;IWM
APLD;IWM
APLX;IWM
APLY;IWM
APO;IWM
APP;IWM
APPS;IWM
APPX;IWM
APTV;IWM
AR;IWM
ARAI;IWM
ARBE;IWM
ARCC;IWM
ARCX;IWM
ARDX;IWM
ARE;IWM
AREC;IWM
ARES;IWM
ARGT;IWM
ARGX;IWM
ARKB;IWM
ARKF;IWM
ARKG;IWM
ARKK;IWM
ARKQ;IWM
ARKW;IWM
ARKX;IWM
ARM;SMH
ARMG;IWM
ARQQ;IWM
ARQT;IWM
ARR;IWM
ARRY;IWM
ARTY;IWM
ARWR;IWM
AS;IWM
ASAN;IWM
ASHR;IWM
ASM;IWM
ASMG;IWM
ASML;SMH
ASPI;IWM
ASPN;IWM
ASST;IWM
ASTS;IWM
ASTX;IWM
ASX;IWM
ATAI;IWM
ATAT;IWM
ATCH;IWM
ATI;IWM
ATRO;IWM
ATYR;IWM
AU;GDX
AUDC;IWM
AUR;IWM
AVAV;IWM
AVB;IWM
AVGG;IWM
AVGO;SMH
AVGW;IWM
AVGX;IWM
AVL;IWM
AVS;IWM
AVUV;IWM
AWK;IWM
AXON;IWM
AXP;XLF
AXSM;IWM
AZN;IWM
AZO;IWM
B;IWM
BA;SPY
BABA;KWEB
BABX;IWM
BAC;XLF
BAIG;IWM
BAR;IWM
BAX;IWM
BB;IWM
BBAI;IWM
BBBY;IWM
BBD;IWM
BBIO;IWM
BBVA;IWM
BBWI;IWM
BBY;IWM
BCAT;IWM
BCS;IWM
BDX;IWM
BE;IWM
BEAM;IWM
BEKE;KWEB
BERZ;IWM
BF.B;IWM
BG;IWM
BGL;IWM
BGMS;IWM
BHP;IWM
BIDU;KWEB
BIIB;IWM
BIL;IWM
BILI;KWEB
BILL;IWM
BILS;IWM
BINI;IWM
BIRK;IWM
BITB;IWM
BITF;BITO
BITI;IWM
BITO;BITO
BITU;IWM
BITX;IWM
BJ;IWM
BK;XLF
BKKT;IWM
BKLN;IWM
BKNG;SPY
BKR;XLE
BKSY;IWM
BLD;IWM
BLDP;IWM
BLDR;IWM
BLK;XLF
BLNE;IWM
BLNK;IWM
BLOK;IWM
BLOX;IWM
BLSH;IWM
BMNR;IWM
BMO;IWM
BMRN;IWM
BMY;SPY
BN;IWM
BNC;IWM
BND;IWM
BNTX;IWM
BOIL;IWM
BOND;IWM
BOOT;IWM
BORR;IWM
BOTZ;IWM
BOXX;IWM
BP;IWM
BR;IWM
BRBR;IWM
BRK.B;SPY
BRKR;IWM
BRKU;IWM
BRO;IWM
BROS;IWM
BRZE;IWM
BSLK;IWM
BSX;IWM
BTAI;IWM
BTBT;BITO
BTC;BITO
BTCI;IWM
BTCL;IWM
BTCM;BITO
BTCO;IWM
BTCS;IWM
BTCT;IWM
BTCW;IWM
BTCZ;IWM
BTDR;BITO
BTG;GDX
BTGD;IWM
BTI;IWM
BTM;BITO
BTOG;IWM
BTU;IWM
BUD;IWM
BUG;IWM
BULL;IWM
BULZ;IWM
BUR;IWM
BURL;IWM
BURU;IWM
BWLP;IWM
BWXT;IWM
BX;IWM
BXSL;IWM
BYND;IWM
BYRN;IWM
BZAI;IWM
C;XLF
CACC;IWM
CACI;IWM
CAG;IWM
CAH;IWM
CAI;IWM
CAKE;IWM
CALM;IWM
CAMT;IWM
CAN;BITO
CAPR;IWM
CAR;IWM
CARR;IWM
CART;IWM
CASY;IWM
CAT;SPY
CAVA;IWM
CB;XLF
CBOE;IWM
CBRL;IWM
CC;IWM
CCEP;IWM
CCI;IWM
CCJ;IWM
CCL;IWM
CCUP;IWM
CDE;GDX
CDNS;IWM
CDW;IWM
CEF;IWM
CEG;IWM
CELC;IWM
CELH;IWM
CEP;IWM
CF;IWM
CFLT;IWM
CG;IWM
CGBSF;IWM
CGC;IWM
CGDV;IWM
CGNX;IWM
CGON;IWM
CGTX;IWM
CHA;IWM
CHAT;IWM
CHAU;IWM
CHE;IWM
CHGG;IWM
CHKP;IWM
CHOW;IWM
CHPT;IWM
CHPY;IWM
CHRD;IWM
CHRW;IWM
CHTR;IWM
CHWY;IWM
CHYM;IWM
CI;IWM
CIBR;IWM
CIEN;IWM
CIFR;BITO
CIVI;IWM
CL;IWM
CLF;IWM
CLM;IWM
CLOV;IWM
CLS;IWM
CLSK;BITO
CLSX;IWM
CLX;IWM
CMBT;IWM
CMCSA;SPY
CME;XLF
CMG;IWM
CMI;IWM
CNC;IWM
CNH;IWM
CNI;IWM
CNQ;IWM
COF;XLF
COHR;SMH
COIG;IWM
COII;IWM
COIN;BITO
COIW;IWM
COKE;IWM
COMM;IWM
COMP;IWM
CONI;IWM
CONL;IWM
CONY;IWM
COO;IWM
COOP;IWM
COP;XLE
COPX;IWM
COR;IWM
CORZ;IWM
COST;SPY
COTG;IWM
COYY;IWM
CPB;IWM
CPER;IWM
CPNG;IWM
CPRT;IWM
CPRX;IWM
CQQQ;IWM
CRCA;IWM
CRCG;IWM
CRCL;IWM
CRDO;IWM
CRDU;IWM
CRE;IWM
CRGY;IWM
CRH;IWM
CRK;IWM
CRL;IWM
CRM;QQQ
CRMD;IWM
CRMG;IWM
CRML;IWM
CRNC;IWM
CRNX;IWM
CROX;IWM
CRS;IWM
CRSH;IWM
CRSP;IWM
CRUS;IWM
CRWD;QQQ
CRWG;IWM
CRWL;IWM
CRWU;IWM
CRWV;IWM
CSCO;SPY
CSGP;IWM
CSIQ;IWM
CSWC;IWM
CSX;IWM
CTAS;IWM
CTM;IWM
CTRA;XLE
CTSH;IWM
CTVA;IWM
CUK;IWM
CURE;IWM
CURX;IWM
CVCO;IWM
CVE;IWM
CVLT;IWM
CVNA;IWM
CVS;SPY
CVX;XLE
CW;IWM
CWAN;IWM
CWEB;IWM
CWVX;IWM
CYBR;IWM
CYCU;IWM
CYN;IWM
CYTK;IWM
CZR;IWM
D;IWM
DAL;IWM
DASH;IWM
DAVA;IWM
DAVE;IWM
DB;IWM
DD;IWM
DDD;IWM
DDM;IWM
DDOG;QQQ
DDS;IWM
DE;SPY
DECK;IWM
DEFT;IWM
DELL;IWM
DEO;IWM
DFDV;IWM
DFEN;IWM
DFLI;IWM
DG;IWM
DGNX;IWM
DGRO;IWM
DGX;IWM
DGXX;IWM
DHI;IWM
DHR;SPY
DIA;IWM
DIS;SPY
DIVO;IWM
DJT;IWM
DJTU;IWM
DKNG;IWM
DKS;IWM
DLLL;IWM
DLO;IWM
DLR;IWM
DLTR;IWM
DNA;IWM
DNN;IWM
DNUT;IWM
DOC;IWM
DOCN;IWM
DOCS;IWM
DOCU;QQQ
DOG;IWM
DOJE;IWM
DOV;IWM
DOW;IWM
DPRO;IWM
DPST;IWM
DPZ;IWM
DQ;KWEB
DRD;GDX
DRI;IWM
DRIP;IWM
DRN;IWM
DRS;IWM
DT;IWM
DTM;IWM
DUK;SPY
DUOL;IWM
DUST;IWM
DVLT;IWM
DVN;XLE
DX;IWM
DXCM;IWM
DXD;IWM
DXJ;IWM
DXPE;IWM
DXYZ;IWM
E;IWM
EA;IWM
EAT;IWM
EBAY;IWM
ECC;IWM
ECL;IWM
ECO;IWM
EDU;KWEB
EDV;IWM
EEM;IWM
EETH;IWM
EFA;IWM
EFC;IWM
EFTY;IWM
EFX;IWM
EGO;GDX
EH;IWM
EIX;IWM
EL;IWM
ELF;IWM
ELIL;IWM
ELV;SPY
ELVR;IWM
EME;IWM
EMN;IWM
EMR;SPY
ENB;XLE
ENPH;IWM
ENPX;IWM
ENTG;SMH
ENVX;IWM
EOG;XLE
EOSE;IWM
EPAM;IWM
EPD;IWM
EPOL;IWM
EPSM;IWM
EQIX;IWM
EQNR;IWM
EQT;XLE
EQX;IWM
ERIC;IWM
ERJ;IWM
ERX;IWM
ESLT;IWM
ESTC;IWM
ET;IWM
ETH;BITO
ETHA;IWM
ETHD;IWM
ETHE;IWM
ETHM;IWM
ETHT;IWM
ETHU;IWM
ETHV;IWM
ETHW;IWM
ETHZ;IWM
ETN;SPY
ETOR;IWM
ETQ;IWM
ETS;IWM
ETSY;IWM
ETU;IWM
EUAD;IWM
EVGO;IWM
EVR;IWM
EVTL;IWM
EWG;IWM
EWH;IWM
EWJ;IWM
EWT;IWM
EWY;IWM
EWZ;IWM
EXAS;IWM
EXC;IWM
EXE;IWM
EXEL;IWM
EXK;IWM
EXPE;IWM
EXR;IWM
EZBC;IWM
EZET;IWM
F;SPY
FANG;XLE
FAS;IWM
FAST;IWM
FAZ;IWM
FBL;IWM
FBTC;IWM
FBY;IWM
FCEL;IWM
FCHL;IWM
FCNCA;IWM
FCX;IWM
FDVV;IWM
FDX;SPY
FEIM;IWM
FER;IWM
FERG;IWM
FETH;IWM
FFAI;IWM
FFIV;IWM
FGNX;IWM
FI;SPY
FIAT;IWM
FICO;IWM
FIG;IWM
FIGR;IWM
FINV;IWM
FITB;IWM
FIVE;IWM
FIVN;IWM
FIX;IWM
FLEX;IWM
FLG;IWM
FLNC;IWM
FLNG;IWM
FLR;IWM
FLUT;IWM
FLY;IWM
FMC;IWM
FMS;IWM
FN;IWM
FNGD;IWM
FNGO;IWM
FNGS;IWM
FNGU;IWM
FNV;GDX
FOFO;IWM
FOUR;IWM
FOXO;IWM
FRHC;IWM
FRO;IWM
FROG;IWM
FRSH;IWM
FSK;IWM
FSLR;IWM
FSLY;IWM
FSM;GDX
FTAI;IWM
FTEC;IWM
FTNT;IWM
FUBO;IWM
FUTU;IWM
FXE;IWM
FXF;IWM
FXI;IWM
FXY;IWM
GAMB;IWM
GAME;IWM
GAP;IWM
GBTC;IWM
GCT;IWM
GD;IWM
GDDY;IWM
GDLC;IWM
GDS;IWM
GDX;GDX
GDXD;IWM
GDXJ;IWM
GDXU;IWM
GDXY;IWM
GE;SPY
GEHC;IWM
GEMI;IWM
GEN;IWM
GENI;IWM
GEO;IWM
GEV;IWM
GEVO;IWM
GEVX;IWM
GFI;GDX
GFS;SMH
GGAL;IWM
GGB;IWM
GGLL;IWM
GGLS;IWM
GH;IWM
GIBO;IWM
GILD;SPY
GILT;IWM
GIS;IWM
GKOS;IWM
GLD;IWM
GLDM;IWM
GLL;IWM
GLNG;IWM
GLOB;IWM
GLPG;IWM
GLW;IWM
GLXU;IWM
GLXY;IWM
GM;SPY
GMAB;IWM
GME;IWM
GMEU;IWM
GNRC;IWM
GNS;IWM
GOF;IWM
GOOG;QQQ
GOOGL;QQQ
GOOW;IWM
GOOX;IWM
GOOY;IWM
GOVT;IWM
GOVZ;IWM
GPIQ;IWM
GPIX;IWM
GPN;IWM
GPRO;IWM
GPUS;IWM
GRAB;IWM
GRAL;IWM
GRFS;IWM
GRID;IWM
GRMN;IWM
GRNY;IWM
GRRR;IWM
GS;XLF
GSAT;IWM
GSIW;IWM
GSK;IWM
GSRT;IWM
GT;IWM
GTI;IWM
GTLB;IWM
GTLS;IWM
GUSH;IWM
GVH;IWM
HAFN;IWM
HAL;XLE
HALO;IWM
HAS;IWM
HBAN;KRE
HBM;IWM
HCA;SPY
HCC;IWM
HCTI;IWM
HD;SPY
HDB;IWM
HEI;IWM
HHH;IWM
HII;IWM
HIMS;IWM
HIMZ;IWM
HIVE;BITO
HL;GDX
HLN;IWM
HLT;IWM
HMC;IWM
HMY;IWM
HNGE;IWM
HNST;IWM
HODL;IWM
HOLO;IWM
HON;SPY
HOOD;XLF
HOOG;IWM
HOOW;IWM
HOOX;IWM
HOOY;IWM
HPE;IWM
HPQ;IWM
HQY;IWM
HRL;IWM
HRMY;IWM
HROW;IWM
HSAI;IWM
HSBC;IWM
HSHP;IWM
HSY;IWM
HTGC;IWM
HTHT;KWEB
HTZ;IWM
HUBB;IWM
HUBS;IWM
HUM;IWM
HUMA;IWM
HUT;BITO
HWM;IWM
HYFT;IWM
HYG;IWM
HYPD;IWM
IAG;GDX
IAI;IWM
IAU;IWM
IAUM;IWM
IBB;IWM
IBIT;IWM
IBKR;IWM
IBM;SPY
IBN;IWM
IBRX;IWM
ICCM;IWM
ICE;XLF
ICHR;IWM
ICLN;IWM
ICLR;IWM
ICSH;IWM
ICU;IWM
IDCC;IWM
IDR;IWM
IDXX;IWM
IEF;IWM
IEFA;IWM
IEI;IWM
IEMG;IWM
IESC;IWM
IGIB;IWM
IGV;IWM
IHG;IWM
IHI;IWM
IIPR;IWM
IJH;IWM
IJR;IWM
ILMN;IWM
IMAB;IWM
INCY;IWM
INDA;IWM
INDI;IWM
INDV;IWM
INFY;IWM
ING;IWM
INMB;IWM
INOD;IWM
INSM;IWM
INSP;IWM
INTC;SMH
INTR;IWM
INTS;IWM
INTU;QQQ
INTW;IWM
INVA;IWM
INVZ;IWM
IONL;IWM
IONQ;IWM
IONS;IWM
IONX;IWM
IONZ;IWM
IOT;IWM
IOVA;IWM
IP;IWM
IQ;KWEB
IQV;IWM
IRBT;IWM
IRDM;IWM
IREN;BITO
IRM;IWM
IRTC;IWM
ISRG;IWM
ISSC;IWM
IT;IWM
ITA;IWM
ITB;IWM
ITRI;IWM
ITUB;IWM
ITW;IWM
IVE;IWM
IVES;IWM
IVR;IWM
IVV;IWM
IVW;IWM
IWB;IWM
IWM;IWM
IWMY;IWM
IWN;IWM
IWO;IWM
IXHL;IWM
IXUS;IWM
IYR;IWM
IYW;IWM
JAAA;IWM
JAZZ;IWM
JBHT;IWM
JBL;IWM
JBLU;IWM
JBND;IWM
JBS;IWM
JBTM;IWM
JCI;IWM
JD;KWEB
JDST;IWM
JEPI;IWM
JEPQ;IWM
JETS;IWM
JKHY;IWM
JKS;KWEB
JMIA;IWM
JNJ;SPY
JNUG;IWM
JOBX;IWM
JOBY;IWM
JPM;XLF
JPST;IWM
JZXN;IWM
KAPA;IWM
KB;IWM
KBE;IWM
KBH;IWM
KBWB;IWM
KC;KWEB
KD;IWM
KDP;IWM
KEY;KRE
KGC;GDX
KHC;IWM
KIDZ;IWM
KITT;IWM
KKR;IWM
KLAC;SMH
KLAR;IWM
KLTO;IWM
KMB;IWM
KMI;XLE
KMX;IWM
KO;SPY
KOLD;IWM
KOPN;IWM
KORU;IWM
KR;IWM
KRE;KRE
KRMN;IWM
KRYS;IWM
KSPI;IWM
KSS;IWM
KTOS;IWM
KULR;IWM
KVUE;IWM
KWEB;KWEB
KWM;IWM
KYIV;IWM
LABD;IWM
LABU;IWM
LABX;IWM
LAC;IWM
LAES;IWM
LASE;IWM
LAWR;IWM
LAZR;IWM
LBRT;IWM
LCDL;IWM
LCID;IWM
LDOS;IWM
LEA;IWM
LEGN;IWM
LEN;IWM
LENZ;IWM
LEU;IWM
LEVI;IWM
LFGY;IWM
LFMD;IWM
LFUS;IWM
LGHL;IWM
LGND;IWM
LHAI;IWM
LHX;IWM
LI;KWEB
LIDR;IWM
LIF;IWM
LII;IWM
LIMN;IWM
LIN;SPY
LIT;IWM
LITE;IWM
LITS;IWM
LKQ;IWM
LLY;SPY
LLYX;IWM
LMND;IWM
LMT;SPY
LNG;IWM
LNTH;IWM
LNW;IWM
LOGI;IWM
LOW;SPY
LPLA;XLF
LPSN;IWM
LQD;IWM
LQDA;IWM
LRCX;SMH
LRN;IWM
LSCC;IWM
LTBR;IWM
LULU;IWM
LUMN;IWM
LUNR;IWM
LUV;IWM
LVS;IWM
LX;IWM
LYB;IWM
LYFT;IWM
LYG;IWM
LYV;IWM
LZMH;IWM
M;IWM
MA;SPY
MAGS;IWM
MAGX;IWM
MAGY;IWM
MAIN;IWM
MANH;IWM
MAR;IWM
MARA;BITO
MARO;IWM
MASI;IWM
MBLY;IWM
MBOT;IWM
MBRX;IWM
MCD;SPY
MCHI;IWM
MCHP;SMH
MCK;IWM
MCO;XLF
MDB;QQQ
MDGL;IWM
MDLZ;IWM
MDT;SPY
MDY;IWM
MEDP;IWM
MELI;IWM
MET;XLF
META;QQQ
METC;IWM
METD;IWM
METU;IWM
MGK;IWM
MGM;IWM
MGNI;IWM
MHK;KWEB
MIDU;IWM
MIMI;IWM
MINT;IWM
MIRM;IWM
MJID;IWM
MKSI;SMH
MKTX;IWM
MLGO;IWM
MMC;SPY
MMM;IWM
MMYT;IWM
MNDY;IWM
MNMD;IWM
MNSO;IWM
MNST;IWM
MO;SPY
MOD;IWM
MOH;IWM
MOS;IWM
MP;IWM
MPC;XLE
MPLX;XLE
MPW;IWM
MPWR;IWM
MRAL;IWM
MRCY;IWM
MRK;SPY
MRNA;IWM
MRNY;IWM
MRVL;SMH
MS;XLF
MSCI;IWM
MSFD;IWM
MSFL;IWM
MSFT;QQQ
MSFU;IWM
MSFX;IWM
MSI;IWM
MSII;IWM
MSOS;IWM
MSOX;IWM
MST;IWM
MSTR;BITO
MSTU;IWM
MSTW;IWM
MSTX;IWM
MSTY;IWM
MSTZ;IWM
MT;IWM
MTB;IWM
MTCH;IWM
MTD;IWM
MTH;IWM
MTN;IWM
MTSI;IWM
MTSR;IWM
MTUM;IWM
MTZ;IWM
MU;SMH
MUFG;IWM
MULL;IWM
MUU;IWM
MVIS;IWM
MVLL;IWM
MVST;IWM
NAIL;IWM
NAK;IWM
NAKA;IWM
NAN;IWM
NB;IWM
NBIS;IWM
NCLH;IWM
NCNA;IWM
NDAQ;IWM
NDSN;IWM
NE;IWM
NEBX;IWM
NEE;SPY
NEGG;IWM
NEM;GDX
NEON;IWM
NET;IWM
NEU;IWM
NEXT;IWM
NFE;IWM
NFLU;IWM
NFLX;QQQ
NFLY;IWM
NFXL;IWM
NGD;GDX
NGG;IWM
NICE;IWM
NIO;KWEB
NKE;SPY
NKTR;IWM
NLR;IWM
NLY;IWM
NMAX;IWM
NNE;IWM
NNOX;IWM
NOC;IWM
NOK;IWM
NOW;QQQ
NRG;IWM
NSC;IWM
NTAP;IWM
NTES;KWEB
NTLA;IWM
NTNX;IWM
NTRA;IWM
NTSK;IWM
NU;IWM
NUE;IWM
NUGT;IWM
NUKZ;IWM
NUTX;IWM
NUVB;IWM
NUVL;IWM
NUWE;IWM
NVAX;IWM
NVD;IWM
NVDA;SMH
NVDD;IWM
NVDG;IWM
NVDL;IWM
NVDQ;IWM
NVDS;IWM
NVDU;IWM
NVDW;IWM
NVDX;IWM
NVDY;IWM
NVII;IWM
NVMI;IWM
NVNI;IWM
NVO;IWM
NVOX;IWM
NVR;IWM
NVS;IWM
NVT;IWM
NVTS;IWM
NVTX;IWM
NVYY;IWM
NWG;IWM
NXE;IWM
NXPI;SMH
NXT;IWM
NXTT;IWM
O;IWM
OBDC;IWM
OC;IWM
ODD;IWM
ODFL;IWM
OEF;IWM
OHI;IWM
OIH;IWM
OILU;IWM
OKE;XLE
OKLL;IWM
OKLO;IWM
OKTA;QQQ
OLED;IWM
OLLI;IWM
OMAH;IWM
ON;SMH
ONC;IWM
ONDS;IWM
ONON;IWM
ONTO;IWM
OP;BITO
OPAD;IWM
OPEN;IWM
OPFI;IWM
OPTT;IWM
ORA;IWM
ORC;IWM
ORCL;QQQ
ORCX;IWM
ORIS;IWM
ORLY;IWM
OSCR;IWM
OSK;IWM
OST;IWM
OTIS;IWM
OUNZ;IWM
OUST;IWM
OWL;IWM
OXLC;IWM
OXY;XLE
PAAS;GDX
PACB;IWM
PAGS;IWM
PALL;IWM
PALU;IWM
PANW;QQQ
PATH;IWM
PAVE;IWM
PAYC;IWM
PAYX;IWM
PBR;XLE
PBR.A;IWM
PCAR;IWM
PCG;IWM
PCSA;IWM
PCT;IWM
PD;IWM
PDBC;IWM
PDD;KWEB
PDI;IWM
PDYN;IWM
PEGA;IWM
PENG;IWM
PENN;IWM
PEP;SPY
PETXQ;IWM
PEW;IWM
PFE;SPY
PFF;IWM
PFLT;IWM
PFSA;IWM
PG;SPY
PGEN;IWM
PGR;XLF
PGY;IWM
PH;SPY
PHG;IWM
PHM;IWM
PHYS;IWM
PI;IWM
PINS;IWM
PL;IWM
PLD;SPY
PLTD;IWM
PLTG;IWM
PLTM;IWM
PLTR;IWM
PLTS;IWM
PLTU;IWM
PLTW;IWM
PLTY;IWM
PLTZ;IWM
PLUG;IWM
PM;SPY
PMI;IWM
PNC;XLF
PODD;IWM
POET;IWM
PONX;IWM
PONY;IWM
POOL;IWM
POST;IWM
POWL;IWM
PPA;IWM
PPCB;IWM
PPLT;IWM
PPTA;IWM
PR;IWM
PRCH;IWM
PRCT;IWM
PRIM;IWM
PRME;IWM
PROK;IWM
PRZO;IWM
PSA;IWM
PSEC;IWM
PSIX;IWM
PSKY;IWM
PSLV;IWM
PSO;IWM
PSQ;IWM
PSTG;IWM
PSTV;IWM
PSX;XLE
PTC;IWM
PTCT;IWM
PTEN;IWM
PTGX;IWM
PTHL;IWM
PTIR;IWM
PTLO;IWM
PTNM;IWM
PTON;IWM
PTRN;IWM
PUK;IWM
PULS;IWM
PVH;IWM
PWR;IWM
PXIU;IWM
PYPG;IWM
PYPL;QQQ
QBTS;IWM
QBTX;IWM
QCLS;IWM
QCML;IWM
QCOM;SMH
QDTE;IWM
QDVO;IWM
QETH;IWM
QFIN;KWEB
QGEN;IWM
QID;IWM
QLD;IWM
QMCO;IWM
QMMM;IWM
QNTM;IWM
QQQ;QQQ
QQQI;IWM
QQQM;IWM
QQQU;IWM
QQQY;IWM
QRVO;IWM
QS;IWM
QSG;IWM
QSI;IWM
QTUM;IWM
QUBT;IWM
QUBX;IWM
QURE;IWM
QXO;IWM
QYLD;IWM
RACE;IWM
RARE;IWM
RAY;IWM
RAYA;IWM
RBLU;IWM
RBLX;IWM
RBNE;IWM
RBRK;IWM
RCAT;IWM
RCL;IWM
RDDT;IWM
RDTE;IWM
RDTL;IWM
RDW;IWM
REGN;IWM
REKR;IWM
RELX;IWM
RELY;IWM
REMX;IWM
REPL;IWM
RERE;IWM
REZI;IWM
RF;KRE
RGC;IWM
RGEN;IWM
RGLD;IWM
RGTI;IWM
RGTU;IWM
RGTX;IWM
RH;IWM
RIG;XLE
RIGL;IWM
RING;IWM
RIO;IWM
RIOT;BITO
RIOX;IWM
RITM;IWM
RIVN;IWM
RKLB;IWM
RKLX;IWM
RKT;IWM
RL;IWM
RMBS;IWM
RMD;IWM
RNA;IWM
ROAD;IWM
ROBN;IWM
ROK;IWM
ROKU;IWM
ROOT;IWM
ROP;IWM
ROST;IWM
RR;IWM
RRC;IWM
RRX;IWM
RS;IWM
RSG;IWM
RSP;IWM
RTO;IWM
RTX;SPY
RUM;IWM
RUN;IWM
RVTY;IWM
RWM;IWM
RXRX;IWM
RY;IWM
RYAAY;IWM
RYTM;IWM
RZLV;IWM
S;IWM
SA;GDX
SAIA;IWM
SAIL;IWM
SAN;IWM
SANA;IWM
SAND;GDX
SAP;IWM
SARK;IWM
SATL;IWM
SATS;IWM
SBAC;IWM
SBET;IWM
SBIT;IWM
SBLK;IWM
SBS;IWM
SBSW;GDX
SBUX;SPY
SCCO;IWM
SCHA;IWM
SCHB;IWM
SCHD;IWM
SCHF;IWM
SCHG;IWM
SCHO;IWM
SCHQ;IWM
SCHR;IWM
SCHW;XLF
SCHX;IWM
SCO;IWM
SDGR;IWM
SDIV;IWM
SDOW;IWM
SDS;IWM
SE;IWM
SEDG;IWM
SEI;IWM
SENS;IWM
SERV;IWM
SES;IWM
SETH;IWM
SEZL;IWM
SFM;IWM
SG;IWM
SGBX;IWM
SGML;IWM
SGMO;IWM
SGOL;IWM
SGOV;IWM
SH;IWM
SHAK;IWM
SHEL;IWM
SHLD;IWM
SHNY;IWM
SHOP;QQQ
SHV;IWM
SHW;SPY
SHY;IWM
SIDU;IWM
SIL;IWM
SILJ;IWM
SIRI;IWM
SITM;IWM
SIVR;IWM
SJM;IWM
SKBL;IWM
SKYT;IWM
SKYW;IWM
SLB;XLE
SLDP;IWM
SLI;IWM
SLON;IWM
SLV;IWM
SLVR;IWM
SM;IWM
SMCI;IWM
SMCL;IWM
SMCX;IWM
SMCY;IWM
SMCZ;IWM
SMH;IWM
SMLR;IWM
SMMT;IWM
SMR;IWM
SMST;IWM
SMTC;SMH
SMU;IWM
SMUP;IWM
SMX;IWM
SN;IWM
SNAP;IWM
SNDK;IWM
SNDL;IWM
SNGX;IWM
SNN;IWM
SNOW;QQQ
SNOY;IWM
SNPS;IWM
SNREY;IWM
SNX;IWM
SNY;IWM
SO;SPY
SOC;IWM
SOFI;IWM
SOFX;IWM
SOLT;IWM
SOLZ;IWM
SONN;IWM
SONY;IWM
SOUN;IWM
SOUX;IWM
SOXL;IWM
SOXQ;IWM
SOXS;IWM
SMH;SMH
SPCE;IWM
SPDN;IWM
SPG;IWM
SPGI;XLF
SPHD;IWM
SPLG;IWM
SPLV;IWM
SPMO;IWM
SPNS;IWM
SPOT;IWM
SPPP;IWM
SPTI;IWM
SPTL;IWM
SPUS;IWM
SPXL;IWM
SPXS;IWM
SPXU;IWM
SPY;SPY
SPYD;IWM
SPYG;IWM
SPYI;IWM
SPYU;IWM
SQM;IWM
SQNS;IWM
SQQQ;IWM
SRAD;IWM
SRFM;IWM
SRPT;IWM
SRRK;IWM
SRTY;IWM
SSB;KRE
SSG;IWM
SSK;IWM
SSL;IWM
SSO;IWM
SSRM;GDX
SSYS;IWM
STE;IWM
STEX;IWM
STKE;IWM
STLA;IWM
STLD;IWM
STM;SMH
STNE;IWM
STNG;IWM
STRC;IWM
STRD;IWM
STRF;IWM
STRK;IWM
STRL;IWM
STUB;IWM
STX;IWM
STZ;IWM
SU;XLE
SUB;IWM
SUIG;IWM
SUPX;IWM
SVIX;IWM
SVM;GDX
SVOL;IWM
SVXY;IWM
SW;IWM
SWK;IWM
SWKS;IWM
SY;IWM
SYF;IWM
SYK;SPY
SYM;IWM
SYNA;IWM
SYTA;IWM
T;SPY
TAK;IWM
TAL;KWEB
TAN;IWM
TARK;IWM
TBIL;IWM
TBT;IWM
TCOM;IWM
TDG;SPY
TDOC;IWM
TDTH;IWM
TDW;IWM
TEAM;IWM
TECK;IWM
TECL;IWM
TECS;IWM
TEF;IWM
TEL;IWM
TEM;IWM
TEMT;IWM
TER;SMH
TETH;IWM
TEVA;IWM
TFC;IWM
TFLO;IWM
TFPM;IWM
TGEN;IWM
TGT;SPY
TGTX;IWM
THC;IWM
TIGR;IWM
TIMB;IWM
TJX;SPY
TKO;IWM
TLH;IWM
TLN;IWM
TLRY;IWM
TLS;IWM
TLT;IWM
TLTW;IWM
TM;IWM
TMC;IWM
TMDX;IWM
TME;KWEB
TMF;IWM
TMO;SPY
TMUS;SPY
TMV;IWM
TNA;IWM
TNXP;IWM
TOL;IWM
TOPT;IWM
TOST;IWM
TPC;IWM
TPL;IWM
TPR;IWM
TQQQ;IWM
TRI;IWM
TRIP;IWM
TRMB;IWM
TRMD;IWM
TRON;IWM
TROW;XLF
TRV;XLF
TS;IWM
TSCO;IWM
TSDD;IWM
TSEM;IWM
TSII;IWM
TSL;IWM
TSLA;QQQ
TSLG;IWM
TSLL;IWM
TSLQ;IWM
TSLR;IWM
TSLS;IWM
TSLT;IWM
TSLW;IWM
TSLY;IWM
TSLZ;IWM
TSM;SMH
TSMG;IWM
TSMU;IWM
TSMX;IWM
TSMY;IWM
TSN;IWM
TSSI;IWM
TSYY;IWM
TT;IWM
TTAN;IWM
TTD;IWM
TTDU;IWM
TTE;IWM
TTMI;IWM
TTWO;IWM
TUR;IWM
TWLO;IWM
TWM;IWM
TWST;IWM
TXG;IWM
TXN;SMH
TXRH;IWM
TYL;IWM
TZA;IWM
TZUP;IWM
U;IWM
UA;IWM
UAA;IWM
UAL;IWM
UAMY;IWM
UAVS;IWM
UBER;QQQ
UBRL;IWM
UBS;IWM
UBT;IWM
UCO;IWM
UDOW;IWM
UEC;IWM
UGL;IWM
UI;IWM
UL;IWM
ULTA;IWM
ULTY;IWM
UMAC;IWM
UMC;IWM
UNBX;IWM
UNG;IWM
UNH;SPY
UNHG;IWM
UNP;SPY
UPRO;IWM
UPS;SPY
UPST;IWM
UPSX;IWM
UPWK;IWM
UPXI;IWM
URA;IWM
URBN;IWM
URI;IWM
URNM;IWM
URTY;IWM
USAR;IWM
USB;XLF
USD;IWM
USFR;IWM
USO;IWM
USOY;IWM
UTHR;IWM
UUP;IWM
UUUU;IWM
UVIX;IWM
UVXY;IWM
UWM;IWM
UWMC;IWM
UXRP;IWM
V;SPY
VAL;XLE
VALE;IWM
VB;IWM
VBIL;IWM
VBK;IWM
VBR;IWM
VCIG;IWM
VCRB;IWM
VDE;IWM
VEA;IWM
VECO;IWM
VEEV;IWM
VERI;IWM
VEU;IWM
VFC;IWM
VG;IWM
VGIT;IWM
VGK;IWM
VGLT;IWM
VGSH;IWM
VGT;IWM
VHT;IWM
VIA;IWM
VICI;IWM
VIG;IWM
VIGI;IWM
VIST;IWM
VIXY;IWM
VKTX;IWM
VLO;XLE
VMC;IWM
VNET;IWM
VNM;IWM
VNOM;IWM
VNQ;IWM
VNQI;IWM
VO;IWM
VOD;IWM
VONG;IWM
VOO;IWM
VOOG;IWM
VOR;IWM
VOYG;IWM
VRNA;IWM
VRNT;IWM
VRSK;IWM
VRSN;IWM
VRT;IWM
VRTL;IWM
VRTX;IWM
VSAT;IWM
VSCO;IWM
VST;IWM
VT;IWM
VTI;IWM
VTRS;IWM
VTV;IWM
VTWO;IWM
VUG;IWM
VUZI;IWM
VVPR;IWM
VWAV;IWM
VWO;IWM
VXRT;IWM
VXUS;IWM
VXX;IWM
VYM;IWM
VYMI;IWM
VZ;SPY
VZLA;IWM
W;IWM
WAB;IWM
WAT;IWM
WB;KWEB
WBD;IWM
WBTN;IWM
WDAY;IWM
WDC;IWM
WEAT;IWM
WEBL;IWM
WELL;IWM
WEN;IWM
WFC;XLF
WFRD;IWM
WGMI;IWM
WGS;IWM
WHR;IWM
WILC;IWM
WING;IWM
WINT;IWM
WIX;IWM
WLDN;IWM
WLGSF;IWM
WM;IWM
WMB;IWM
WMS;IWM
WMT;SPY
WOLF;SMH
WPAY;IWM
WPM;GDX
WPP;IWM
WRD;IWM
WSM;IWM
WST;IWM
WTW;IWM
WU;IWM
WULF;BITO
WWD;IWM
WY;IWM
WYFI;IWM
WYNN;IWM
XAR;IWM
XBI;IWM
XBTY;IWM
XDTE;IWM
XEL;IWM
XFOR;IWM
XHB;IWM
XLB;IWM
XLC;IWM
XLE;XLE
XLF;XLF
XLG;IWM
XLI;IWM
XLK;IWM
XLP;IWM
XLRE;IWM
XLU;IWM
XLV;IWM
XLY;IWM
XME;IWM
XMMO;IWM
XOM;XLE
XOP;IWM
XOVR;IWM
XP;IWM
XPEV;KWEB
XPO;IWM
XRPI;IWM
XRPR;IWM
XRPT;IWM
XTIA;IWM
XXRP;IWM
XYF;IWM
XYLD;IWM
XYZ;IWM
YANG;IWM
YBIT;IWM
YBTC;IWM
YCL;IWM
YETH;IWM
YHC;IWM
YINN;IWM
YMAG;IWM
YMAX;IWM
YMM;IWM
YUMC;KWEB
Z;IWM
ZBRA;IWM
ZENA;IWM
ZEPP;IWM
ZETA;IWM
ZG;IWM
ZIM;IWM
ZK;IWM
ZLAB;IWM
ZM;QQQ
ZNB;IWM
ZOOZ;IWM
ZROZ;IWM
ZS;QQQ
ZSL;IWM
ZTO;IWM
ZTS;SPY
